,LYS99,GLY128,TYR131,TYR135,LEU137,PHE138,ALA157,GLU166,PHE168,ASN169,TYR171,GLN175,GLY178,GLN180,THR182,ASN183,GLY184,TYR187
ARG375,0,0,0,0,0,0,0,0,0,0,0,0,0,0,0,0,0,3.7
ARG339,0,0,0,0,0,0,0,0,0,0,0,0,0,0,3.5,0,0,0
ASP337,0,0,0,0,0,0,0,0,0,0,0,0,0,0,3.6,0,0,0
GLY336,0,0,0,0,0,0,0,0,0,0,0,0,0,0,0,0,3.4,3.8
LYS335,0,0,0,0,0,0,0,0,0,0,0,0,4.0,0,0,3.7,2.8,3.4
ASN312,0,0,0,0,0,0,0,0,0,0,0,0,0,0,3.9,0,0,0
TYR65,0,0,0,0,0,0,0,0,3.7,2.8,3.5,0,0,0,0,0,0,0
MET64,0,0,0,0,0,0,0,0,3.6,0,0,0,0,0,0,0,0,0
LEU61,0,0,0,0,0,0,0,0,3.8,0,0,0,0,0,0,0,0,0
GLN24,0,3.2,2.8,0,0,0,0,0,0,0,0,0,0,3.4,0,0,0,0
TYR23,0,0,0,0,0,0,0,0,0,0,0,0,0,3.7,2.7,3.7,0,0
ASP20,0,0,2.7,0,0,0,0,0,0,0,0,0,0,0,0,0,0,0
GLU19,0,0,0,0,0,0,0,0,0,0,0,0,0,0,0,0,0,3.5
GLU17,0,0,0,0,0,0,0,0,0,0,0,3.5,0,0,0,0,0,0
HIS16,0,0,0,2.9,3.6,0,0,0,0,0,0,0,0,0,0,0,0,0
LYS13,0,0,0,0,0,0,0,5.0,0,0,4.0,2.9,0,0,0,0,0,0
ASP12,2.9,0,0,0,0,3.9,0,0,0,0,0,0,0,0,0,0,0,0
PHE10,0,0,0,0,0,0,0,0,0,0,3.4,0,0,0,0,0,0,0
THR9,0,0,0,0,0,3.8,4.0,0,0,0,3.7,0,0,0,0,0,0,0
GLN6,0,0,0,0,0,0,3.7,0,0,2.7,0,0,0,0,0,0,0,0