,ASN151,LEU121,TYR153,TYR120,ASN157,TYR118,TYR169,TYR114,TYR162,THR165,THR164,LEU150,ARG104,ILE167,GLY166,GLY160
GLN6,3.8,0,0,0,0,0,0,0,0,0,0,0,0,0,0,0
THR9,0,3.9,3.6,0,0,0,0,0,0,0,0,0,0,0,0,0
PHE10,0,0,3.5,0,0,0,0,0,0,0,0,0,0,0,0,0
LYS13,0,0,4.0,4.0,0,0,0,0,0,0,0,0,0,0,0,0
HIS16,0,0,0,0,3.7,3.5,0,0,0,0,0,0,0,0,0,0
GLU19,0,0,0,0,0,0,4.0,0,0,0,0,0,0,0,0,0
ASP20,0,0,0,0,0,0,0,3.0,0,0,0,0,0,0,0,0
TYR23,0,0,0,0,0,0,0,0,3.6,3.7,4.0,0,0,0,0,0
GLN24,0,0,0,0,0,0,0,3.5,3.6,0,0,0,0,0,0,0
LEU27,0,0,0,0,0,0,0,0,3.8,0,3.9,0,0,0,0,0
LEU61,0,0,0,0,0,0,0,0,0,0,0,4.0,0,0,0,0
MET64,0,0,0,0,0,0,0,0,0,0,0,3.7,0,0,0,0
TYR65,3.8,0,3.3,0,0,0,0,0,0,0,0,0,0,0,0,0
GLN307,0,0,0,0,0,0,0,0,0,0,0,0,3.8,3.8,0,0
GLU311,0,0,0,0,0,0,0,0,0,0,0,0,2.9,0,0,0
ASN312,0,0,0,0,0,0,0,0,0,0,3.8,0,0,0,0,0
LYS335,0,0,0,0,0,0,3.3,0,0,3.7,0,0,0,0,2.5,3.5
GLY336,0,0,0,0,0,0,3.7,0,0,0,0,0,0,0,3.3,0
ASP337,0,0,0,0,0,0,0,0,0,0,3.7,0,0,0,3.6,0
ARG339,0,0,0,0,0,0,0,0,0,0,3.6,0,0,0,0,0
