,ASP12,GLN24,ASP20,HIS16,THR9,GLN6,LYS13,LEU61,MET64,TYR65,PHE10,GLU17,LYS335,TYR23,ASN312,ASP337,ARG339,GLY336,GLU19,ARG375
LYS99,2.9,0,0,0,0,0,0,0,0,0,0,0,0,0,0,0,0,0,0,0
GLY128,0,3.2,0,0,0,0,0,0,0,0,0,0,0,0,0,0,0,0,0,0
TYR131,0,2.8,2.7,0,0,0,0,0,0,0,0,0,0,0,0,0,0,0,0,0
TYR135,0,0,0,2.9,0,0,0,0,0,0,0,0,0,0,0,0,0,0,0,0
LEU137,0,0,0,3.6,0,0,0,0,0,0,0,0,0,0,0,0,0,0,0,0
PHE138,3.9,0,0,0,3.8,0,0,0,0,0,0,0,0,0,0,0,0,0,0,0
ALA157,0,0,0,0,4.0,3.7,0,0,0,0,0,0,0,0,0,0,0,0,0,0
PHE168,0,0,0,0,0,0,0,3.8,3.6,3.7,0,0,0,0,0,0,0,0,0,0
ASN169,0,0,0,0,0,2.7,0,0,0,2.8,0,0,0,0,0,0,0,0,0,0
TYR171,0,0,0,0,3.7,0,4.0,0,0,3.5,3.4,0,0,0,0,0,0,0,0,0
GLN175,0,0,0,0,0,0,2.9,0,0,0,0,3.5,0,0,0,0,0,0,0,0
GLY178,0,0,0,0,0,0,0,0,0,0,0,0,4.0,0,0,0,0,0,0,0
GLN180,0,3.4,0,0,0,0,0,0,0,0,0,0,0,3.7,0,0,0,0,0,0
THR182,0,0,0,0,0,0,0,0,0,0,0,0,0,2.7,3.9,3.6,3.5,0,0,0
ASN183,0,0,0,0,0,0,0,0,0,0,0,0,3.7,3.7,0,0,0,0,0,0
GLY184,0,0,0,0,0,0,0,0,0,0,0,0,2.8,0,0,0,0,3.4,0,0
TYR187,0,0,0,0,0,0,0,0,0,0,0,0,3.4,0,0,0,0,3.8,3.5,3.7
GLU166,0,0,0,0,0,0,0,0,0,0,0,0,0,0,0,0,0,0,0,5.0
